anio,hex_id,n_delitos,year_total,lag_1,lag_2,lag_3,roll_mean_2,roll_mean_3,roll_std_2,roll_std_3,trend_3,share_cat_DELITOS CONTRA EL PATRIMONIO,share_cat_DELITOS CONTRA LA SEGURIDAD PÃšBLICA,"share_cat_DELITOS CONTRA LA VIDA, EL CUERPO Y LA SALUD",y_pred,y_pred_rate
2023,878e62004ffffff,3,15564.0,0.00015084321356382177,8.468834688346883e-05,4.8866301798279905e-05,0.0001177657802236453,9.479928741519018e-05,4.677855483816955e-05,5.1734862251061204e-05,0.00010197691176554187,1.0,0.0,0.0,3.370729218376386,0.00021657216771886316
2023,878e62005ffffff,10,15564.0,0.0006033728542552871,0.00025406504065040653,0.00029319781078967946,0.0004287189474528467,0.00038354523523179097,0.00024699792372145766,0.0001913791524405095,0.0003101750434656076,1.0,0.0,0.0,6.716004396902367,0.0004315088921165746
2023,878e62009ffffff,12,15564.0,0.0006033728542552871,0.0005928184281842818,0.00039093041438623924,0.0005980956412197844,0.0005290405656086027,7.463106246340656e-06,0.00011972326165127704,0.00021244243986904784,1.0,0.0,0.0,11.615610590881325,0.000746312682528998
2023,878e6200cffffff,0,15564.0,6.033728542552871e-05,2.8229448961156277e-05,9.773260359655981e-05,4.4283367193342494e-05,6.209977932774827e-05,2.2703668893186444e-05,3.478508178278045e-05,-3.7395318171031104e-05,0.0,0.0,0.0,0.375502587547598,2.4126354892546776e-05
2023,878e62022ffffff,0,15564.0,0.00015084321356382177,0.0,4.8866301798279905e-05,7.542160678191089e-05,6.65698384540339e-05,0.00010666225920694897,7.696414864829211e-05,0.00010197691176554187,0.0,0.0,0.0,0.5353099750450839,3.4394113020115906e-05
2023,878e62023ffffff,0,15564.0,0.00021118049898935046,0.00016937669376693767,0.0,0.00019027859637814408,0.0001268523975854294,2.95597541521696e-05,0.00011182816108944673,0.00021118049898935046,0.0,0.0,0.0,0.9463281240489462,6.0802372400986e-05
2023,878e62026ffffff,0,15564.0,3.0168642712764353e-05,0.0,0.0,1.5084321356382177e-05,1.0056214237588117e-05,2.1332451841389796e-05,1.7417873991300142e-05,3.0168642712764353e-05,0.0,0.0,0.0,0.10516335118797727,6.756833152658524e-06
2023,878e6202affffff,13,15564.0,0.0013575889220743959,0.0005928184281842818,0.0008795934323690383,0.0009752036751293388,0.0009433335942092388,0.0005407744022810848,0.00038634904329478195,0.0004779954897053576,1.0,0.0,0.0,14.0206265221856,0.0009008369649309689
2023,878e6202effffff,0,15564.0,0.0,0.0,0.0,0.0,0.0,0.0,0.0,0.0,0.0,0.0,0.0,0.031033367100132696,1.9939197571403687e-06
2023,878e62034ffffff,3,15564.0,0.0005732042115425227,0.00028229448961156276,0.00043979671618451914,0.0004277493505770427,0.00043176513911286817,0.00020570423709047477,0.00014562107076649493,0.00013340749535800352,1.0,0.0,0.0,6.809452958662216,0.0004375130402635708
2023,878e62035ffffff,20,15564.0,0.0018101185627658611,0.0009033423667570009,0.0010750586395621578,0.001356730464761431,0.0012628398563616734,0.000641187597216407,0.0004816711600761504,0.0007350599232037033,1.0,0.0,0.0,18.636089531235463,0.0011973843183780174
2023,878e62056ffffff,0,15564.0,3.0168642712764353e-05,0.0,0.0,1.5084321356382177e-05,1.0056214237588117e-05,2.1332451841389796e-05,1.7417873991300142e-05,3.0168642712764353e-05,0.0,0.0,0.0,0.10516335118797727,6.756833152658524e-06
2023,878e620e0ffffff,5,15564.0,6.033728542552871e-05,2.8229448961156277e-05,9.773260359655981e-05,4.4283367193342494e-05,6.209977932774825e-05,2.2703668893186417e-05,3.478508178278042e-05,-3.7395318171031104e-05,1.0,0.0,0.0,2.042320346307216,0.0001312207881204842
2023,878e620e4ffffff,5,15564.0,0.0004525296406914653,0.00033875338753387534,0.00039093041438623924,0.0003956415141126703,0.0003940711475371933,8.045196014572952e-05,5.695311316503356e-05,6.159922630522604e-05,1.0,0.0,0.0,7.6008436554824215,0.0004883605535519418
2023,878e620e5ffffff,1,15564.0,0.00036202371255317223,0.00025406504065040653,9.773260359655981e-05,0.00030804437660178935,0.00023794045226671287,7.633830899033917e-05,0.00013288133552642617,0.00026429110895661244,1.0,0.0,0.0,5.189885991249709,0.0003334545098464218
2023,878e62106ffffff,0,15564.0,3.0168642712764353e-05,0.0,4.8866301798279905e-05,1.508432135638217e-05,2.634498150368142e-05,2.1332451841389826e-05,2.4656523510858703e-05,-1.8697659085515552e-05,0.0,0.0,0.0,0.11972032508887337,7.692130884661614e-06
2023,878e62110ffffff,22,15564.0,0.0012067457085105742,0.001834914182475158,0.0031763096168881937,0.001520829945492866,0.002072656502624642,0.000444182187667962,0.0010060748259391424,-0.0019695639083776193,1.0,0.0,0.0,33.69010807575158,0.00216461758389563
2023,878e62111ffffff,0,15564.0,0.0,0.0,0.0,0.0,0.0,0.0,0.0,0.0,0.0,0.0,0.0,0.031033367100132696,1.9939197571403687e-06
2023,878e62112ffffff,0,15564.0,3.0168642712764353e-05,0.0,0.0,1.5084321356382177e-05,1.0056214237588117e-05,2.133245184138983e-05,1.7417873991300274e-05,3.0168642712764353e-05,0.0,0.0,0.0,0.10516335118797727,6.756833152658524e-06
2023,878e62113ffffff,1,15564.0,9.050592813829306e-05,5.6458897922312554e-05,4.8866301798279905e-05,7.348241303030282e-05,6.527704261962851e-05,2.4074885944982974e-05,2.2176211970512085e-05,4.163962634001315e-05,1.0,0.0,0.0,2.4120885838033153,0.00015497870623254402
2023,878e62114ffffff,7,15564.0,0.00030168642712764354,0.000705736224028907,0.0007329945269741986,0.0005037113255782753,0.0005801390593769164,0.0002857063513259308,0.0002415318924588964,-0.00043130809984655505,1.0,0.0,0.0,12.307384800275468,0.0007907597532944916
2023,878e62115ffffff,1,15564.0,6.033728542552871e-05,2.8229448961156277e-05,0.00034206411258795935,4.4283367193342494e-05,0.00014354361565821478,2.2703668893186444e-05,0.00017267170893499106,-0.00028172682716243066,1.0,0.0,0.0,3.813719787148227,0.00024503468177513666
2023,878e62116ffffff,5,15564.0,0.0003921923552659366,0.00031052393857271905,0.00034206411258795935,0.0003513581469193278,0.0003482601354755383,5.77482912525428e-05,4.1185259450582634e-05,5.012824267797725e-05,1.0,0.0,0.0,6.455072465519444,0.0004147437975789928
2023,878e62118ffffff,0,15564.0,0.0,0.0,0.0,0.0,0.0,0.0,0.0,0.0,0.0,0.0,0.0,0.031033367100132696,1.9939197571403687e-06
2023,878e6211affffff,13,15564.0,0.0010860711376595167,0.0009315718157181572,0.001026192337763878,0.0010088214766888369,0.0010146117637138507,0.0001092475182334596,7.789796140837781e-05,5.987879989563863e-05,1.0,0.0,0.0,18.81196552699735,0.0012086844980080539
2023,878e6211bffffff,0,15564.0,0.0,0.0,0.0,0.0,0.0,0.0,0.0,0.0,0.0,0.0,0.0,0.031033367100132696,1.9939197571403687e-06
2023,878e6211cffffff,1,15564.0,0.00012067457085105741,0.00011291779584462511,4.8866301798279905e-05,0.00011679618334784126,9.415288949798748e-05,5.48486820718684e-06,3.9410635096856565e-05,7.180826905277751e-05,1.0,0.0,0.0,2.8038012666739385,0.00018014657328925332
2023,878e6211effffff,0,15564.0,9.050592813829306e-05,0.00014114724480578138,0.00014659890539483973,0.00011582658647203722,0.0001260840261129714,3.5808818423796344e-05,3.093187583087117e-05,-5.609297725654667e-05,0.0,0.0,0.0,0.9240869100137955,5.937335582201205e-05
2023,878e62134ffffff,0,15564.0,3.0168642712764353e-05,0.0,0.0,1.5084321356382177e-05,1.0056214237588117e-05,2.1332451841389796e-05,1.7417873991300142e-05,3.0168642712764353e-05,0.0,0.0,0.0,0.10516335118797727,6.756833152658524e-06
2023,878e62136ffffff,3,15564.0,0.00021118049898935046,0.0005645889792231255,0.0002443315089913995,0.000387884739106238,0.00034003366240129186,0.0002498975329021342,0.00019517572876962588,-3.3151010002049056e-05,1.0,0.0,0.0,7.808511429551197,0.0005017033814926238
2023,878e621a0ffffff,133,15564.0,0.007481823392765559,0.00773486901535682,0.008649335418295543,0.007608346204061188,0.007955342608805973,0.00017893027568390368,0.0006141885186940347,-0.0011675120255299843,1.0,0.0,0.0,85.34985569376067,0.005483799517717854
2023,878e621a1ffffff,31,15564.0,0.00256433463058497,0.0009033423667570009,0.0021501172791243157,0.0017338384986709853,0.0018725980921554287,0.001174498893251152,0.0008645730156996543,0.0004142173514606541,1.0,0.0,0.0,23.597995727346127,0.0015161909359641562
2023,878e621a2ffffff,5,15564.0,0.0007843847105318732,0.00016937669376693767,0.0002443315089913995,0.0004768807021494054,0.0003993643044300701,0.00043487633913857584,0.0003355370186990272,0.0005400532015404737,0.8,0.0,0.2,9.92758912605368,0.0006378558934755641
2023,878e621a3ffffff,6,15564.0,0.0004223609979787009,0.00016937669376693767,0.000488663017982799,0.0002958688458728193,0.00036013356990947915,0.00017888691704189818,0.0001684937055527643,-6.630202000409811e-05,1.0,0.0,0.0,5.738728275702261,0.0003687180850489759
2023,878e621a4ffffff,90,15564.0,0.005068331975744411,0.006154019873532069,0.0061082877247849885,0.0056111759246382405,0.00577687985802049,0.0007676972747778207,0.0006140463610067957,-0.0010399557490405774,1.0,0.0,0.0,69.41908460323847,0.004460234168802266
2023,878e621a5ffffff,96,15564.0,0.006305246326967749,0.0071420505871725385,0.006792415949960907,0.006723648457070144,0.006746570954700398,0.0005917099669165963,0.00042028164981003266,-0.0004871696229931579,0.9895833333333334,0.010416666666666666,0.0,103.6735913040686,0.006661114835779272
2023,878e621a6ffffff,224,15564.0,0.00977464023893565,0.007085591689250226,0.006401485535574668,0.00843011596409294,0.007753905821253515,0.0019014444644224143,0.0017831225413521242,0.003373154703360982,0.9866071428571429,0.008928571428571428,0.004464285714285714,137.8079245984036,0.008854274261012823
2023,878e621a8ffffff,1,15564.0,0.00012067457085105741,0.00016937669376693767,0.00019546520719311962,0.00014502563230899752,0.00016183882393703823,3.443760137199963e-05,3.796082760283323e-05,-7.479063634206221e-05,1.0,0.0,0.0,2.442474349879088,0.0001569310170829535
2023,878e621a9ffffff,2,15564.0,0.00018101185627658611,5.6458897922312554e-05,0.00019546520719311962,0.00011873537709944933,0.00014431198713067274,8.807224146915249e-05,7.642544602923941e-05,-1.4453350916533508e-05,1.0,0.0,0.0,2.351427424264357,0.0001510811760642738
2023,878e621acffffff,23,15564.0,0.003016864271276435,0.0014397018970189702,0.0018080531665363565,0.002228283084147703,0.0020882064449439207,0.0011152222098697298,0.0008250604118761489,0.0012088111047400785,1.0,0.0,0.0,27.57747018275476,0.0017718754936234104
2023,878e621adffffff,41,15564.0,0.0049476574048933535,0.0028794037940379404,0.004202501954652072,0.003913530599465647,0.004009854384527788,0.0014624761534494264,0.0010474984794309756,0.0007451554502412817,1.0,0.0,0.0,46.11079444046632,0.0029626570573417065
2023,878e621aeffffff,0,15564.0,0.0,0.0,0.0,0.0,0.0,0.0,0.0,0.0,0.0,0.0,0.0,0.031033367100132696,1.9939197571403687e-06
2023,878e621b4ffffff,5,15564.0,0.00018101185627658611,0.00022583559168925022,0.00029319781078967946,0.00020342372398291815,0.00023334841958517192,3.1695167268404376e-05,5.646905377946987e-05,-0.00011218595451309335,1.0,0.0,0.0,2.6804722642413052,0.00017222258187106818
2023,878e621b5ffffff,16,15564.0,0.000512866926116994,0.00019760614272809396,0.000488663017982799,0.00035523653442254407,0.00039971202894262893,0.00022292303777647458,0.00017544671334671433,2.4203908134195e-05,1.0,0.0,0.0,5.826652778544438,0.0003743673077964815
2023,878e621b6ffffff,0,15564.0,0.0,0.0,0.0,0.0,0.0,0.0,0.0,0.0,0.0,0.0,0.0,0.031033367100132696,1.9939197571403687e-06
2023,878e62830ffffff,0,15564.0,3.0168642712764353e-05,0.0,0.0,1.5084321356382177e-05,1.0056214237588117e-05,2.1332451841389796e-05,1.7417873991300142e-05,3.0168642712764353e-05,0.0,0.0,0.0,0.10516335118797727,6.756833152658524e-06
2023,878e62832ffffff,14,15564.0,0.0006938787823935801,0.0004234417344173442,0.0005863956215793589,0.0005586602584054622,0.0005679053794634276,0.00019122787050806706,0.0001361633798774641,0.00010748316081422122,0.9285714285714286,0.07142857142857142,0.0,10.622094587463302,0.0006824784494643602
2023,878e62836ffffff,11,15564.0,0.000512866926116994,0.00033875338753387534,0.0009284597341673183,0.0004258101568254347,0.000593360015939396,0.00012311686382850855,0.000302981430036246,-0.00041559280805032424,1.0,0.0,0.0,8.484143753271496,0.0005451133226208878
2023,878e62881ffffff,3,15564.0,0.00015084321356382177,0.00022583559168925022,0.0,0.000188339402626536,0.000125559601751024,5.302761910979617e-05,0.00011502119103944987,0.00015084321356382177,1.0,0.0,0.0,3.491580303241421,0.00022433695086362254
2023,878e62886ffffff,0,15564.0,0.0,0.0,4.8866301798279905e-05,0.0,1.6288767266093302e-05,0.0,2.8212972497538397e-05,-4.8866301798279905e-05,0.0,0.0,0.0,0.008516545800496433,5.471951812192517e-07
2023,878e6288cffffff,4,15564.0,9.050592813829306e-05,0.0,9.773260359655981e-05,4.525296406914652e-05,6.274617724495096e-05,6.399735552416938e-05,5.44597858854208e-05,-7.226675458266754e-06,1.0,0.0,0.0,1.9885658656511536,0.00012776701783931852
2023,878e6288effffff,0,15564.0,0.00018101185627658611,8.468834688346883e-05,0.0002443315089913995,0.0001328501015800275,0.00017001057071715147,6.811100667955938e-05,8.038815842476382e-05,-6.33196527148134e-05,0.0,0.0,0.0,0.853503351160455,5.483830321000096e-05
2023,878e62892ffffff,1,15564.0,3.0168642712764353e-05,0.00016937669376693767,4.8866301798279905e-05,9.9772668239851e-05,8.280387942599398e-05,9.84349568961691e-05,7.55548790681526e-05,-1.8697659085515552e-05,1.0,0.0,0.0,2.50941299499702,0.0001612318809430108
2023,878e62893ffffff,0,15564.0,6.033728542552871e-05,8.468834688346883e-05,9.773260359655981e-05,7.251281615449877e-05,8.091941196851912e-05,1.7218800685999843e-05,1.8980413801416863e-05,-3.7395318171031104e-05,0.0,0.0,0.0,0.4646976497248609,2.9857212138580115e-05
2023,878e62896ffffff,0,15564.0,9.050592813829306e-05,2.8229448961156277e-05,0.00019546520719311962,5.9367688549724665e-05,0.00010473352809752298,4.4036120734576284e-05,8.452081494108321e-05,-0.00010495927905482656,0.0,0.0,0.0,0.7204165484060486,4.6287364970833245e-05
2023,878e62898ffffff,4,15564.0,0.0006938787823935801,0.00045167118337850043,0.0006352619233776388,0.0005727749828860402,0.0005936039630499065,0.00017126663571847458,0.00012636324425703278,5.861685901594133e-05,1.0,0.0,0.0,9.774400549092283,0.000628013399453372
2023,878e6289affffff,3,15564.0,3.0168642712764353e-05,0.00014114724480578138,0.00014659890539483973,8.565794375927286e-05,0.00010597159763779516,7.847372210657592e-05,6.570385173122852e-05,-0.00011643026268207537,1.0,0.0,0.0,2.7934291009625114,0.00017948015297883008
2023,878e6289bffffff,2,15564.0,0.00024134914170211483,0.00019760614272809396,0.00019546520719311962,0.00021947764221510438,0.00021147349720777614,3.093097120396636e-05,2.589520229126045e-05,4.5883934508995206e-05,1.0,0.0,0.0,2.7433674907889967,0.00017626365271067827
2023,878e6289cffffff,0,15564.0,0.0,0.0,0.0,0.0,0.0,0.0,0.0,0.0,0.0,0.0,0.0,0.031033367100132696,1.9939197571403687e-06
2023,878e6289dffffff,3,15564.0,0.00015084321356382177,0.00019760614272809396,9.773260359655981e-05,0.00017422467814595785,0.00014872731996282517,3.3066384320203366e-05,4.997037831518372e-05,5.311060996726196e-05,1.0,0.0,0.0,2.9131632776199594,0.0001871731738383423
2023,878e6289effffff,1,15564.0,6.033728542552871e-05,8.468834688346883e-05,0.00014659890539483973,7.251281615449877e-05,9.720817923461243e-05,1.721880068599954e-05,4.447276044398422e-05,-8.626161996931102e-05,1.0,0.0,0.0,3.274808763185731,0.00021040919835426183
2023,878e628a4ffffff,14,15564.0,0.0010860711376595167,0.0009033423667570009,0.0009284597341673183,0.000994706752208259,0.0009726244128612786,0.00012920875302305045,9.904716079722666e-05,0.0001576114034921984,1.0,0.0,0.0,14.661294884429296,0.0009420004423303325
2023,878e628a6ffffff,27,15564.0,0.0017799499200530967,0.0014961607949412828,0.003958170445660672,0.0016380553574971896,0.0024114270535516838,0.00020066921479356125,0.0013470135142817042,-0.0021782205256075755,1.0,0.0,0.0,37.078996064750505,0.002382356467794301
2023,878e628b0ffffff,65,15564.0,0.0036202371255317223,0.0065210027100271,0.008600469116497263,0.005070619917779412,0.006247236317352029,0.0020511510154292427,0.002501377360431226,-0.00498023199096554,1.0,0.0,0.0,79.07257199391186,0.005080478796833196
2023,878e628b1ffffff,7,15564.0,0.00036202371255317223,0.00045167118337850043,0.0006352619233776388,0.0004068474479658363,0.0004829856064364371,6.339033453681295e-05,0.00013928468969067454,-0.0002732382108244666,1.0,0.0,0.0,10.552877450675911,0.0006780311906114053
2023,878e628b2ffffff,49,15564.0,0.003771080339095544,0.00629516711833785,0.007623143080531665,0.005033123728716697,0.00589646351265502,0.0017847988779055482,0.0019567371476206154,-0.003852062741436121,0.9387755102040817,0.0,0.061224489795918366,69.07787955031486,0.004438311459156699
2023,878e628b3ffffff,27,15564.0,0.0013575889220743959,0.002230126467931346,0.002101250977326036,0.0017938576950028708,0.001896322122443926,0.0006169772155153161,0.0004709854763206479,-0.00074366205525164,1.0,0.0,0.0,27.26545221858465,0.0017518280788090881
2023,878e628b4ffffff,12,15564.0,0.0014782634929254533,0.0007904245709123758,0.002198983580922596,0.0011343440319189146,0.0014892238815868084,0.00048637556611949264,0.0007043434664706905,-0.0007207200879971426,1.0,0.0,0.0,14.581071823844308,0.0009368460436805647
2023,878e628b5ffffff,1,15564.0,3.0168642712764353e-05,0.00011291779584462511,0.0002443315089913995,7.154321927869473e-05,0.00012913931584959633,5.851248731698276e-05,0.00010799901206318465,-0.00021416286627863517,1.0,0.0,0.0,3.9371692609530458,0.0002529664135796097
2023,878e628b6ffffff,14,15564.0,0.0006033728542552871,0.0013832429990966576,0.0012705238467552776,0.0009933079266759724,0.0010857132333690742,0.0005514514678622679,0.00042150395350324293,-0.0006671509924999905,0.9285714285714286,0.0,0.07142857142857142,18.51753078494152,0.0011897668199011514
2023,878e62988ffffff,6,15564.0,0.00036202371255317223,0.00014114724480578138,0.00029319781078967946,0.00025158547867947683,0.0002654562560495443,0.00015618324814871146,0.00011302123205703891,6.882590176349277e-05,1.0,0.0,0.0,4.425154811477024,0.00028431989279600515
2023,878e62989ffffff,6,15564.0,0.0007542160678191088,0.0003669828364950316,0.000977326035965598,0.0005605994521570704,0.0006995083134265796,0.00027381524377003135,0.00030882747461648784,-0.00022310996814648928,0.8333333333333334,0.16666666666666666,0.0,11.693110257983337,0.0007512921008727407
2023,878e6298affffff,0,15564.0,0.0,0.0,0.0,0.0,0.0,0.0,0.0,0.0,0.0,0.0,0.0,0.031033367100132696,1.9939197571403687e-06
2023,878e6298bffffff,5,15564.0,0.00027151778441487917,0.00019760614272809396,0.0002443315089913995,0.00023456196357148656,0.0002378184787114576,5.2263423045357254e-05,3.7383784810789555e-05,2.7186275423479657e-05,1.0,0.0,0.0,3.087976896700902,0.00019840509487926639
2023,878e6298dffffff,51,15564.0,0.0029565269858509067,0.0016655374887082205,0.002736512900703675,0.0023110322372795634,0.0024528591250876004,0.0009128674278702006,0.0006906577073696657,0.00022001408514723186,1.0,0.0,0.0,31.756259829770563,0.0020403662188236034
2023,878e62998ffffff,1,15564.0,0.0,2.8229448961156277e-05,4.8866301798279905e-05,1.4114724480578132e-05,2.5698583586478726e-05,1.996123478959317e-05,2.4531262146874957e-05,-4.8866301798279905e-05,1.0,0.0,0.0,0.9016702293123352,5.793306536316726e-05
2023,878e62999ffffff,1,15564.0,0.00012067457085105741,2.8229448961156277e-05,0.0,7.445200990610684e-05,4.9634673270737894e-05,6.536857257596463e-05,6.31207234854703e-05,0.00012067457085105741,1.0,0.0,0.0,1.6782457311073844,0.00010782868999661941
2023,878e6299bffffff,2,15564.0,0.00036202371255317223,0.0003952122854561879,0.00039093041438623924,0.00037861799900468007,0.0003827221374651998,2.346786495762787e-05,1.8052761571131285e-05,-2.8906701833067015e-05,1.0,0.0,0.0,7.773564874955127,0.0004994580361703372
2023,878e62c00ffffff,316,15564.0,0.01939843726430748,0.014764001806684733,0.015295152462861611,0.017081219535496107,0.01648586384461794,0.003277040739056424,0.002536305028718115,0.0041032848014458684,0.9936708860759493,0.0031645569620253164,0.0031645569620253164,223.22239159542463,0.014342225108932448
2023,878e62c01ffffff,451,15564.0,0.0260657073038284,0.02018405600722674,0.024824081313526192,0.023124881655527566,0.02369128154152711,0.004158955516401698,0.003100142252588574,0.001241625990302208,0.9955654101995566,0.004434589800443459,0.0,340.74456072266196,0.021893122637025312
2023,878e62c02ffffff,46,15564.0,0.0028660210577126136,0.001834914182475158,0.002198983580922596,0.002350467620093886,0.0022999729403701224,0.000729102663608473,0.000522919195556736,0.0006670374767900177,1.0,0.0,0.0,31.88894357543312,0.002048891260307962
2023,878e62c03ffffff,124,15564.0,0.012972516366488671,0.01668360433604336,0.014708756841282252,0.014828060351266017,0.014788292514604761,0.0026241354688519404,0.001856821995222362,-0.0017362404747935812,0.9919354838709677,0.008064516129032258,0.0,218.10044672964014,0.01401313587314573
2023,878e62c04ffffff,188,15564.0,0.010981385947446224,0.009682700993676603,0.011043784206411259,0.010332043470561414,0.010569290382511365,0.0009183089374354069,0.0007684425443560666,-6.239825896503515e-05,1.0,0.0,0.0,109.52874865400655,0.00703731358609654
2023,878e62c05ffffff,265,15564.0,0.014873140857392825,0.0051377597109304425,0.005570758405003909,0.010005450284161634,0.008527219657775725,0.006883954026099219,0.005499991715546453,0.009302382452388916,0.9962264150943396,0.0037735849056603774,0.0,192.4394828869115,0.012364397512651728
2023,878e62c06ffffff,54,15564.0,0.004133104051648716,0.003020551038843722,0.003762705238467553,0.003576827545246219,0.003638786776319997,0.0007866937797839351,0.0005665336623018355,0.0003703988131811631,1.0,0.0,0.0,49.990590750959996,0.003211937210932922
2023,878e62c08ffffff,327,15564.0,0.023109180317977495,0.030770099367660342,0.027560594214229867,0.02693963984281892,0.027146624633289235,0.005417087810151942,0.0038472000574322073,-0.004451413896252372,0.9969418960244648,0.0030581039755351682,0.0,391.4265373224579,0.02514948196623348
2023,878e62c09ffffff,129,15564.0,0.004615802335052946,0.011094173441734417,0.008698201720093824,0.007854987888393682,0.008136059165627062,0.004580900140577466,0.003275565025705968,-0.004082399385040878,1.0,0.0,0.0,131.86432582913778,0.008472393075632086
2023,878e62c0affffff,192,15564.0,0.011283072374573868,0.014453477868112014,0.014659890539483971,0.012868275121342941,0.013465480260723285,0.0022418152235919087,0.0018928364123376063,-0.003376818164910103,1.0,0.0,0.0,166.0550855426519,0.010669177945428676
2023,878e62c0bffffff,184,15564.0,0.007361148821914502,0.01092479674796748,0.007281078967943706,0.009142972784940992,0.008522341512608562,0.002519879614273437,0.0020809724082280208,8.006985397079631e-05,1.0,0.0,0.0,127.42557970712517,0.008187199929781879
2023,878e62c0cffffff,526,15564.0,0.03496545690409388,0.03187104787714544,0.044028537920250195,0.03341825239061966,0.03695501423382984,0.0021880776067201174,0.006318219275498207,-0.009063081016156313,0.9923954372623575,0.0076045627376425855,0.0,480.57479483683284,0.030877331973582167
2023,878e62c0dffffff,471,15564.0,0.028087006365583613,0.032859078590785906,0.039386239249413604,0.03047304247818476,0.03344410806859437,0.0033743646307525495,0.005672288828875434,-0.011299232883829991,0.9978768577494692,0.0021231422505307855,0.0,424.8232439242221,0.027295248260358652
2023,878e62c0effffff,303,15564.0,0.018071016984945846,0.019591237579042457,0.025166145426114152,0.018831127281994153,0.020942799996700817,0.0010749582909853025,0.003735672981644493,-0.007095128441168306,0.9933993399339934,0.006600660066006601,0.0,289.49876596020016,0.01860053751993062
2023,878e62c18ffffff,28,15564.0,0.0026850092014360275,0.003669828364950316,0.0028342455043002344,0.0031774187831931718,0.003063027690228859,0.0006963723087634157,0.0005307760004511835,-0.00014923630286420688,1.0,0.0,0.0,40.300316342266896,0.0025893289862674697
2023,878e62c19ffffff,27,15564.0,0.0025945032732977344,0.0031616982836495033,0.002101250977326036,0.0028781007784736187,0.002619150844757758,0.00040106743807490856,0.0005306531347842326,0.0004932522959716986,1.0,0.0,0.0,35.88173115531279,0.0023054311973344124
2023,878e62c1cffffff,31,15564.0,0.003680574410957251,0.0034439927732610657,0.003127443315089914,0.0035622835921091584,0.0034173368331027435,0.00016728848031919395,0.00027752730795931003,0.0005531310958673372,1.0,0.0,0.0,65.85090218306037,0.004230975467942712
2023,878e62c1dffffff,111,15564.0,0.009261773312818656,0.011517615176151762,0.008160672400312744,0.010389694244485208,0.009646686963094385,0.0015951210788473324,0.001711252491215393,0.0011011009125059118,0.972972972972973,0.018018018018018018,0.009009009009009009,163.7669431197613,0.010522162883562149
2023,878e62c1effffff,1,15564.0,3.0168642712764353e-05,5.6458897922312554e-05,9.773260359655981e-05,4.331377031753845e-05,6.145338141054557e-05,1.859001773779645e-05,3.405775758270698e-05,-6.756396088379545e-05,1.0,0.0,0.0,2.3528608043689916,0.00015117327193324285
2023,878e62c20ffffff,112,15564.0,0.009895314809786707,0.009231029810298103,0.012412040656763096,0.009563172310042405,0.010512795092282637,0.0004697204277788843,0.0016779955082733117,-0.0025167258469763892,0.9910714285714286,0.008928571428571428,0.0,156.2168604616296,0.010037063766488667
2023,878e62c21ffffff,18,15564.0,0.001719612634627568,0.0017502258355916892,0.0011727912431587178,0.0017349192351096285,0.0015475432377926584,2.1646801995564972e-05,0.00032490550184615996,0.0005468213914688502,0.9444444444444444,0.0,0.05555555555555555,25.572846175086404,0.0016430767267467492
2023,878e62c22ffffff,280,15564.0,0.01885540169547772,0.016881210478771454,0.022234167318217358,0.017868306087124586,0.019323593164155512,0.00139596399669203,0.0027070166548711196,-0.0033787656227396365,1.0,0.0,0.0,190.32115479180953,0.012228293163184883
2023,878e62c23ffffff,363,15564.0,0.018191691555796904,0.015074525745257453,0.024530883502736512,0.01663310865052718,0.01926570026793029,0.002204169082715344,0.004818796171728212,-0.0063391919469396076,1.0,0.0,0.0,220.39500209621724,0.014160562972000594
2023,878e62c24ffffff,134,15564.0,0.011765770657978097,0.012025745257452574,0.014708756841282252,0.011895757957715334,0.012833424252237642,0.00018382980222455194,0.0016292792694141182,-0.0029429861833041547,0.9925373134328358,0.007462686567164179,0.0,202.28317980654882,0.012996863261793164
2023,878e62c25ffffff,9,15564.0,0.000512866926116994,0.000705736224028907,0.0006841282251759187,0.0006093015750729507,0.0006342437917739399,0.00013637918843620292,0.00010566921993246579,-0.00017126129905892468,1.0,0.0,0.0,12.253802181066959,0.0007873170252548804
2023,878e62c26ffffff,295,15564.0,0.021872265966754154,0.023938572719060525,0.0214034401876466,0.022905419342907338,0.022404759624487094,0.0014610995165674058,0.001348846306886986,0.00046882577910755535,0.9966101694915255,0.0,0.003389830508474576,281.35002660861466,0.018076974210268226
2023,878e62c28ffffff,378,15564.0,0.02280749389084985,0.018998419150858176,0.022380766223612198,0.020902956520854013,0.02139555975510674,0.0026934225786945055,0.0020869203226044266,0.0004267276672376523,0.9735449735449735,0.018518518518518517,0.007936507936507936,285.90513388911967,0.01836964365774349
2023,878e62c29ffffff,157,15564.0,0.011554590158988748,0.011856368563685637,0.01602814698983581,0.011705479361337192,0.01314636857083673,0.00021338955637688635,0.002500250526155723,-0.004473556830847063,0.9808917197452229,0.006369426751592357,0.012738853503184714,172.09852848703736,0.011057474202456782
2023,878e62c2affffff,384,15564.0,0.019850966904998945,0.018320912375790425,0.012460906958561377,0.019085939640394685,0.016877595413116914,0.0010819119331885293,0.003900720368603855,0.007390059946437568,0.984375,0.015625,0.0,245.63515187666096,0.015782263677503273
2023,878e62c2bffffff,366,15564.0,0.030168642712764353,0.037347560975609755,0.03645426114151681,0.03375810184418705,0.03465682160996364,0.005076261785241915,0.003912455559919669,-0.0062856184287524534,0.9781420765027322,0.01912568306010929,0.00273224043715847,525.8417803676666,0.03378577360367943
2023,878e62c2cffffff,258,15564.0,0.021661085467764806,0.014622854561878952,0.014220093823299453,0.01814197001482188,0.016834677950981067,0.00497678080110863,0.00418463991183055,0.007440991644465354,0.9922480620155039,0.007751937984496124,0.0,248.47465652013764,0.015964704222573737
2023,878e62c2dffffff,83,15564.0,0.007662835249042145,0.009005194218608853,0.009137998436278343,0.008334014733825498,0.00860200930130978,0.0009491911301672032,0.0008160546338311587,-0.0014751631872361977,1.0,0.0,0.0,103.46965448258258,0.006648011724658351
2023,878e62c2effffff,61,15564.0,0.003228044770265786,0.00121386630532972,0.002736512900703675,0.0022209555377977527,0.0023928079920997273,0.0014242392510762012,0.0010501564265869557,0.000491531869562111,0.9672131147540983,0.01639344262295082,0.01639344262295082,40.692076106635504,0.00261449987834975
2023,878e62c30ffffff,15,15564.0,0.001025733852233988,0.0017219963866305329,0.0010750586395621578,0.0013738651194322605,0.0012742629594755595,0.0004923319595579282,0.0003885320450171328,-4.932478732816979e-05,0.9333333333333333,0.0,0.06666666666666667,16.87128605249913,0.0010839942207979394
2023,878e62c31ffffff,106,15564.0,0.006637101396808158,0.0067468383017163505,0.007867474589523065,0.006691969849262254,0.007083804762682525,7.759570960682337e-05,0.0006808923154213987,-0.0012303731927149073,0.9905660377358491,0.009433962264150943,0.0,102.98161980642647,0.006616655089079058
2023,878e62c33ffffff,10,15564.0,0.0005430355688297583,0.0006210478771454381,0.00034206411258795935,0.0005820417229875982,0.0005020491861877186,5.5163032226032966e-05,0.00014393713173891442,0.000200971456241799,1.0,0.0,0.0,10.931895595797698,0.0007023834230145012
2023,878e62c34ffffff,16,15564.0,0.0014179262074999245,0.0015526196928635954,0.0006841282251759187,0.0014852729501817598,0.0012182247085131461,9.524267688230287e-05,0.00046741830717757324,0.0007337979823240058,1.0,0.0,0.0,23.67392056815939,0.001521069170403456
2023,878e62c35ffffff,93,15564.0,0.009352279240956949,0.01007791327913279,0.008795934323690384,0.00971509626004487,0.009408708947926706,0.0005131007490539058,0.0006428497059350839,0.0005563449172665651,1.0,0.0,0.0,106.30999386319448,0.006830505902286975
2023,878e62c40ffffff,6,15564.0,0.0005430355688297583,0.0005081300813008131,0.00034206411258795935,0.0005255828250652856,0.00046440992090617694,2.4681906932339128e-05,0.00010738235830287416,0.000200971456241799,1.0,0.0,0.0,7.102913517166003,0.00045636812626355714
2023,878e62c41ffffff,0,15564.0,9.050592813829306e-05,2.8229448961156277e-05,9.773260359655981e-05,5.9367688549724665e-05,7.215599356533637e-05,4.403612073457624e-05,3.821272301461972e-05,-7.226675458266754e-06,0.0,0.0,0.0,0.6557481764271085,4.213236805622645e-05
2023,878e62c42ffffff,84,15564.0,0.00721030560835068,0.006097560975609756,0.005766223612197029,0.0066539332919802185,0.006358030065385822,0.0007868292755400419,0.0007564564184078001,0.0014440819961536507,1.0,0.0,0.0,73.00420059754022,0.004690580865943216
2023,878e62c43ffffff,62,15564.0,0.003590068482818958,0.00386743450767841,0.003127443315089914,0.003728751495248684,0.0035283154351957607,0.00019612739704887055,0.00037384063509094415,0.0004626251677290441,0.967741935483871,0.03225806451612903,0.0,75.04863849880587,0.004821937708738491
2023,878e62c44ffffff,9,15564.0,0.0014179262074999245,0.0009315718157181572,0.0009284597341673183,0.0011747490116090407,0.0010926525857951333,0.00034390448848874703,0.0002816995172086895,0.0004894664733326062,1.0,0.0,0.0,17.959176556126252,0.001153892094328338
2023,878e62c46ffffff,16,15564.0,0.0023229854888828553,0.0013832429990966576,0.002101250977326036,0.0018531142439897565,0.0019358264884351828,0.0006644982870969504,0.0004912259489491472,0.00022173451155681938,1.0,0.0,0.0,27.14003172424422,0.001743769707288886
2023,878e62c49ffffff,10,15564.0,0.00024134914170211483,0.0009033423667570009,0.00043979671618451914,0.0005723457542295578,0.0005281627415478782,0.00046809989853586223,0.00033972808734858905,-0.0001984475744824043,1.0,0.0,0.0,9.518512020383247,0.0006115723477501443
2023,878e62c4affffff,38,15564.0,0.0022626482034573264,0.0016373080397470642,0.002052384675527756,0.0019499781216021953,0.001984113639577382,0.00044218227030783216,0.00031821106336769314,0.00021026352792957032,1.0,0.0,0.0,33.68448050290568,0.0021642560076397892
2023,878e62c4bffffff,42,15564.0,0.001538600778350982,0.003020551038843722,0.002198983580922596,0.0022795759085973517,0.0022527117993724334,0.0010478970785755865,0.000742434633309202,-0.0006603828025716139,1.0,0.0,0.0,33.1250461666566,0.002128311884262182
2023,878e62c4cffffff,1,15564.0,0.00015084321356382177,2.8229448961156277e-05,0.0002443315089913995,8.9536331262489e-05,0.00014113472383879251,8.670102441735588e-05,0.0001083776552933512,-9.348829542757774e-05,1.0,0.0,0.0,3.237939257148856,0.00020804030179573735
2023,878e62c4dffffff,3,15564.0,0.00030168642712764354,0.00028229448961156276,0.00014659890539483973,0.0002919904583696031,0.00024352660737801535,1.371217051796659e-05,8.449997851456127e-05,0.0001550875217328038,1.0,0.0,0.0,5.253949641984959,0.0003375706529160215
2023,878e62c4effffff,30,15564.0,0.0016592753492020394,0.0017502258355916892,0.0015148553557466772,0.0017047505923968643,0.0016414521801801352,6.431170567833894e-05,0.00011869315359828293,0.00014441999345536226,1.0,0.0,0.0,25.44934814687657,0.0016351418752811983
2023,878e62c50ffffff,122,15564.0,0.007511992035478324,0.013380758807588076,0.01050625488663018,0.0104463754215332,0.010466335243232193,0.004149844781761093,0.00293458703053797,-0.0029942628511518566,1.0,0.0,0.0,148.05285596023108,0.009512519658200404
2023,878e62c51ffffff,293,15564.0,0.015778200138775757,0.02063572719060524,0.013731430805316653,0.018206963664690497,0.01671511937823255,0.0034347903181457225,0.0035462219882468585,0.0020467693334591044,0.9829351535836177,0.017064846416382253,0.0,234.59838304085235,0.01507314206122156
2023,878e62c52ffffff,219,15564.0,0.015446345068935349,0.010190831074977416,0.006939014855355747,0.012818588071956382,0.010858730333089504,0.0037162095837484474,0.004292811887907634,0.008507330213579602,0.9908675799086758,0.0091324200913242,0.0,203.7550229898091,0.01309143041569064
2023,878e62c53ffffff,35,15564.0,0.004314115907925302,0.007113821138211382,0.00517982799061767,0.005713968523068342,0.005535921678918118,0.001979690553658731,0.0014334187735126026,-0.000865712082692368,1.0,0.0,0.0,60.78494761839703,0.003905483655769534
2023,878e62c54ffffff,137,15564.0,0.009231604670105892,0.011941056910569106,0.007720875684128225,0.010586330790337498,0.009631179088267742,0.0019158720525326294,0.002138276685262703,0.001510728985977667,1.0,0.0,0.0,143.39257893772367,0.009213092966957315
2023,878e62c55ffffff,87,15564.0,0.005671704829999698,0.006690379403794038,0.006401485535574668,0.006181042116896868,0.006254523256456135,0.0007203116989522951,0.0005249980051738866,-0.0007297807055749702,1.0,0.0,0.0,75.0978767292946,0.004825101306174158
2023,878e62c56ffffff,373,15564.0,0.015054152713669411,0.028539972899728996,0.013731430805316653,0.021797062806699203,0.019108518806238355,0.009535914903425164,0.008194610610024442,0.0013227219083527583,0.9973190348525469,0.0,0.002680965147453083,265.7066405189978,0.01707187358770225
2023,878e62c58ffffff,79,15564.0,0.00699912510936133,0.005024841915085817,0.00522869429241595,0.006011983512223574,0.005750887105621032,0.0013960290346548547,0.0010858004114117643,0.0017704308169453802,1.0,0.0,0.0,54.11429992233774,0.0034768889695668045
2023,878e62c59ffffff,204,15564.0,0.012519986725797206,0.007311427280939476,0.007329945269741986,0.009915707003368341,0.00905378642549289,0.0036830077036721386,0.0030018317941466403,0.00519004145605522,0.9950980392156863,0.004901960784313725,0.0,174.64541960675373,0.011221114084217023
2023,878e62c5affffff,48,15564.0,0.004404621836063595,0.004036811201445348,0.0027853792025019546,0.004220716518754471,0.003742270746670299,0.00026008139393109055,0.0008488534833587218,0.0016192426335616406,0.9583333333333334,0.0,0.041666666666666664,58.415397151226855,0.003753238059061093
2023,878e62c5bffffff,71,15564.0,0.0033788879838296073,0.0023148148148148147,0.0016614542611415168,0.002846851399322211,0.0024517190199286457,0.000752413353489018,0.0008668631489398747,0.0017174337226880906,1.0,0.0,0.0,27.62741625964163,0.001775084570781395
2023,878e62c5cffffff,237,15564.0,0.015355839140797056,0.019760614272809396,0.013878029710711493,0.017558226706803227,0.01633149437477265,0.0031146463654477927,0.003060249603258876,0.0014778094300855627,0.9873417721518988,0.008438818565400843,0.004219409282700422,225.2335648041788,0.014471444667449165
2023,878e62c5dffffff,229,15564.0,0.015295501855371527,0.017756323396567297,0.013291634089132134,0.016525912625969412,0.015447819780356984,0.0017400635990694542,0.0022362386312031646,0.0020038677662393926,0.9956331877729258,0.004366812227074236,0.0,248.29895172133828,0.015953415042491537
2023,878e62c5effffff,110,15564.0,0.006848281895797508,0.009061653116531166,0.006059421422986709,0.007954967506164336,0.007323118811771795,0.0015650897994639174,0.0015564226154903046,0.0007888604728107989,0.9727272727272728,0.00909090909090909,0.01818181818181818,118.80443067542512,0.007633283903586811
2023,878e62c60ffffff,2,15564.0,0.000512866926116994,0.00014114724480578138,0.00029319781078967946,0.0003270070854613878,0.00031573732723748496,0.0002628455073556608,0.0001868820556388522,0.00021966911532731457,1.0,0.0,0.0,4.286795605008837,0.00027543019821439456
2023,878e62c61ffffff,16,15564.0,0.0016894439919148037,0.0007339656729900633,0.001026192337763878,0.0012117048324524335,0.001149867334222915,0.0006756251985884067,0.0004895981342342607,0.0006632516541509256,0.9375,0.0,0.0625,17.04392253477351,0.0010950862589805647
2023,878e62c62ffffff,9,15564.0,0.0008145533532446375,0.0007339656729900633,0.00043979671618451914,0.0007742595131173504,0.00066277191413974,5.698409518810351e-05,0.00019726136907560182,0.0003747566370601184,1.0,0.0,0.0,15.147518789079959,0.0009732407343279336
2023,878e62c63ffffff,10,15564.0,0.0006938787823935801,0.0007904245709123758,0.0007329945269741986,0.0007421516766529779,0.0007390992934267183,6.826818175664155e-05,4.856154291472637e-05,-3.9115744580618455e-05,1.0,0.0,0.0,17.822245625531018,0.0011450941676645475
2023,878e62c64ffffff,12,15564.0,0.0012670829939361028,0.0010162601626016261,0.0011727912431587178,0.0011416715782688646,0.0011520447998988154,0.00017735852491301805,0.0001266918875090786,9.429175077738496e-05,1.0,0.0,0.0,20.146492390106005,0.0012944289636408382
2023,878e62c65ffffff,0,15564.0,6.033728542552871e-05,0.0,0.0,3.0168642712764353e-05,2.0112428475176234e-05,4.266490368277951e-05,3.483574798260021e-05,6.033728542552871e-05,0.0,0.0,0.0,0.1200840126066266,7.715498111451208e-06
2023,878e62c66ffffff,29,15564.0,0.0012369143512233384,0.00121386630532972,0.001563721657544957,0.001225390328276529,0.001338167438032672,1.6297429544489438e-05,0.00019567532435063226,-0.0003268073063216186,1.0,0.0,0.0,19.882569565003546,0.0012774717016835998
2023,878e62c68ffffff,28,15564.0,0.003318550698404079,0.0011009485094850948,0.0017591868647380765,0.0022097496039445866,0.0020595620242090835,0.001568081545758745,0.001138906841842208,0.0015593638336660024,0.9642857142857143,0.0,0.03571428571428571,30.818979375947468,0.001980145166791793
2023,878e62c6bffffff,10,15564.0,0.0008145533532446375,0.0007339656729900633,0.000488663017982799,0.0007742595131173503,0.0006790606814058332,5.6984095188103454e-05,0.00016974111531952604,0.0003258903352618385,1.0,0.0,0.0,14.98291648782013,0.0009626648989861302
2023,878e62c6cffffff,11,15564.0,0.0010860711376595167,0.0006775067750677507,0.0007818608287724785,0.0008817889563636337,0.0008484795804999152,0.0002888986313397972,0.0002122728271736525,0.0003042103088870382,1.0,0.0,0.0,12.899776045433748,0.0008288213855971311
2023,878e62c6dffffff,6,15564.0,0.00021118049898935046,8.468834688346883e-05,4.8866301798279905e-05,0.00014793442293640965,0.0001149117158903664,8.944345852094883e-05,8.527346409077508e-05,0.00016231419719107054,1.0,0.0,0.0,2.7181046144498575,0.0001746404918047968
2023,878e62c6effffff,2,15564.0,0.00021118049898935046,0.00019760614272809396,4.8866301798279905e-05,0.00020439332085872222,0.00015255098117190812,9.59851936257591e-06,9.004971038035569e-05,0.00016231419719107054,1.0,0.0,0.0,3.349499297243395,0.00021520812755354633
2023,878e62c70ffffff,140,15564.0,0.0055208616164358765,0.005702348690153568,0.0048866301798279905,0.005611605153294723,0.005369946828805812,0.00012833074052351776,0.0004282880185879792,0.000634231436607886,1.0,0.0,0.0,75.25307709464659,0.004835073059280813
2023,878e62c71ffffff,11,15564.0,0.0019307931336169186,0.0017219963866305329,0.002101250977326036,0.0018263947601237257,0.0019180134991911627,0.00014764159568376464,0.00018994999455894897,-0.00017045784370911727,1.0,0.0,0.0,23.48386247973319,0.0015088577794739907
2023,878e62c72ffffff,152,15564.0,0.008688569101276133,0.013070234869015356,0.008111806098514465,0.010879401985145745,0.009956870022935318,0.0030983055772613533,0.002711631315083947,0.0005767630027616686,1.0,0.0,0.0,137.1512333968336,0.008812081302803495
2023,878e62c73ffffff,116,15564.0,0.006818113253084744,0.009202800361336947,0.0077697419859265055,0.008010456807210846,0.0079302185334494,0.0016862284252532772,0.0012004156333515143,-0.0009516287328417616,0.9913793103448276,0.008620689655172414,0.0,127.74292366726084,0.008207589544285585
2023,878e62c74ffffff,281,15564.0,0.012670829939361028,0.014764001806684733,0.0077697419859265055,0.01371741587302288,0.01173485791065742,0.0014800960215734977,0.003589839876506318,0.0049010879534345225,1.0,0.0,0.0,153.72225777189675,0.009876783460029346
2023,878e62c75ffffff,119,15564.0,0.005732042115425227,0.0067468383017163505,0.004153635652853792,0.006239440208570789,0.0055441720233317905,0.0007175692648487077,0.0013067694414640903,0.0015784064625714352,1.0,0.0,0.0,60.625294842244465,0.003895225831550017
2023,878e62c76ffffff,171,15564.0,0.011705433372552568,0.015526196928635954,0.015197419859265052,0.013615815150594261,0.014143016720151192,0.002701687819816988,0.0021174000620344767,-0.0034919864867124836,0.9824561403508771,0.005847953216374269,0.011695906432748537,189.90335764382203,0.012201449347457082
2023,878e62ce4ffffff,10,15564.0,0.0006637101396808157,0.0009315718157181572,0.0007818608287724785,0.0007976409776994864,0.0007923809280571504,0.00018940680754599832,0.0001342403580861696,-0.00011815068909166277,1.0,0.0,0.0,13.303519446376635,0.0008547622363387712
2023,878e62ce5ffffff,205,15564.0,0.007391317464627266,0.0066056910569105695,0.0033229085222830335,0.006998504260768916,0.005773305681273623,0.0005555217603756986,0.002158155900466257,0.004068408942344233,1.0,0.0,0.0,92.2205431629969,0.005925246926432595
2023,878e62ce8ffffff,57,15564.0,0.003107370199414728,0.005363595302619693,0.002687646598905395,0.004235482751017211,0.0037195373669799384,0.0015953920703595476,0.0014391792268550732,0.0004197236005093331,1.0,0.0,0.0,40.17356383890642,0.002581185032055154
2023,878e62ce9ffffff,67,15564.0,0.004163272694361481,0.003980352303523035,0.002736512900703675,0.0040718124989422575,0.00362671263286273,0.00012934424877915162,0.0007763418317327485,0.0014267597936578058,1.0,0.0,0.0,58.80245531857838,0.0037781068696079658
2023,878e62cebffffff,11,15564.0,0.00030168642712764354,0.00031052393857271905,0.00019546520719311962,0.0003061051828501813,0.0002692251909644941,6.249064271620689e-06,6.403067082735063e-05,0.00010622121993452392,1.0,0.0,0.0,5.739870520089913,0.0003687914752049546
2023,878e62cecffffff,168,15564.0,0.009171267384680363,0.003048780487804878,0.007134480062548867,0.006110023936242621,0.006451509311678036,0.004329252002506436,0.0031178595599404067,0.002036787322131496,0.9940476190476191,0.005952380952380952,0.0,123.08043712755932,0.007908020889717253
2023,878e62cedffffff,194,15564.0,0.010770205448456874,0.009089882565492322,0.007476544175136826,0.009930044006974595,0.00911221072969534,0.0011881677051271554,0.001646944156925053,0.003293661273320048,1.0,0.0,0.0,113.26360976749731,0.007277281532221621
2023,878e62ceeffffff,0,15564.0,6.033728542552871e-05,0.0,0.0,3.0168642712764353e-05,2.0112428475176234e-05,4.266490368277959e-05,3.483574798260038e-05,6.033728542552871e-05,0.0,0.0,0.0,0.1200840126066266,7.715498111451208e-06
2023,878e62d00ffffff,29,15564.0,0.0012067457085105742,0.0014397018970189702,0.001563721657544957,0.0013232238027647723,0.001403389754358167,0.0001647249006136587,0.00018123709837037613,-0.0003569759490343828,1.0,0.0,0.0,18.224891350918753,0.0011709644918349237
2023,878e62d01ffffff,28,15564.0,0.0013575889220743959,0.0017784552845528454,0.0034206411258795935,0.0015680221033136208,0.002185561777502278,0.00029759745888182574,0.0010901136965278256,-0.0020630522038051977,1.0,0.0,0.0,32.86099106243228,0.002111346123260876
2023,878e62d02ffffff,110,15564.0,0.0060940658279783995,0.007057362240289069,0.007672009382329945,0.006575714034133734,0.006941145816865804,0.0006811534254375521,0.0007953654241824165,-0.0015779435543515456,0.990909090909091,0.00909090909090909,0.0,98.99239934692591,0.006360344342516442
2023,878e62d03ffffff,17,15564.0,0.0012670829939361028,0.0012703252032520325,0.0006352619233776388,0.0012687040985940676,0.001057556706855258,2.2925881932049334e-06,0.0003657216032648596,0.000631821070558464,1.0,0.0,0.0,20.36215660985697,0.0013082855698957191
2023,878e62d04ffffff,23,15564.0,0.0012067457085105742,0.0005363595302619692,0.0009284597341673183,0.0008715526193862717,0.0008905216576466207,0.0004740346126533225,0.000336799465905545,0.0002782859743432559,1.0,0.0,0.0,11.158645797820789,0.0007169523128900533
2023,878e62d05ffffff,30,15564.0,0.001960961776329683,0.0012420957542908762,0.0016614542611415168,0.0016015287653102796,0.0016215039305873587,0.0005083150389482393,0.000361094324372475,0.0002995075151881663,1.0,0.0,0.0,23.20345493164097,0.0014908413602956162
2023,878e62d06ffffff,39,15564.0,0.002654840558723263,0.003048780487804878,0.0028831118060985146,0.0028518105232640707,0.0028622442842088855,0.0002785575952337579,0.000197797262452155,-0.00022827124737525174,0.9230769230769231,0.07692307692307693,0.0,52.53137746343071,0.0033751848794288555
2023,878e62d08ffffff,89,15564.0,0.0049476574048933535,0.005420054200542005,0.0067435496481626275,0.00518385580271768,0.005703753751199328,0.00033403497761392827,0.0009309518320735297,-0.001795892243269274,0.9887640449438202,0.011235955056179775,0.0,83.18546488661417,0.005344735600527767
2023,878e62d09ffffff,30,15564.0,0.002051467704467976,0.001524390243902439,0.001612587959343237,0.0017879289741852076,0.0017294819692378841,0.0003727000465764748,0.0002823133357122747,0.00043887974512473913,1.0,0.0,0.0,24.137061223101814,0.0015508263443267678
2023,878e62d0affffff,94,15564.0,0.008507557244999547,0.008638211382113821,0.009577795152462862,0.008572884313556683,0.008907854593192077,9.238642634359735e-05,0.0005838517710886215,-0.0010702379074633145,0.9893617021276596,0.0,0.010638297872340425,124.29748903922138,0.007986217491597364
2023,878e62d0bffffff,6,15564.0,0.0007240474251063445,0.0004234417344173442,0.0006352619233776388,0.0005737445797618444,0.0005942503609671091,0.00021256032234945787,0.0001544422432729056,8.878550172870564e-05,0.8333333333333334,0.16666666666666666,0.0,9.58965834738333,0.0006161435586856418
2023,878e62d0cffffff,66,15564.0,0.008266208103297432,0.008073622402890696,0.009089132134480062,0.008169915253094063,0.00847632088022273,0.00013617865471718754,0.0005393751366244281,-0.0008229240311826303,0.9848484848484849,0.015151515151515152,0.0,118.83630375175088,0.007635331775363074
2023,878e62d0dffffff,3,15564.0,0.00024134914170211483,0.00019760614272809396,0.0002443315089913995,0.00021947764221510438,0.00022776226447386943,3.0930971203966496e-05,2.6158505074288402e-05,-2.982367289284686e-06,0.6666666666666666,0.3333333333333333,0.0,3.33316770926386,0.000214158809384725
2023,878e62d0effffff,116,15564.0,0.010197001236914352,0.010049683830171635,0.0099687255668491,0.010123342533542993,0.01007180354464503,0.00010416913729455655,0.00011573420718276134,0.00022827567006525155,1.0,0.0,0.0,97.8787971531681,0.006288794471419178
2023,878e62d11ffffff,0,15564.0,0.0,0.0,4.8866301798279905e-05,0.0,1.6288767266093302e-05,0.0,2.8212972497538397e-05,-4.8866301798279905e-05,0.0,0.0,0.0,0.008516545800496433,5.471951812192517e-07
2023,878e62d14ffffff,15,15564.0,0.0007240474251063445,0.0006492773261065944,0.0005863956215793589,0.0006866623756064694,0.0006532401242640993,5.287044403271302e-05,6.891141110502596e-05,0.00013765180352698554,1.0,0.0,0.0,14.192851327588954,0.0009119025525307732
2023,878e62d15ffffff,19,15564.0,0.0024134914170211483,0.003048780487804878,0.0013682564503518374,0.002731135952413013,0.002276842785059288,0.0004492172099648753,0.0008485545925732495,0.001045234966669311,0.9473684210526315,0.05263157894736842,0.0,39.02604989043671,0.00250745630239249
2023,878e62d18ffffff,52,15564.0,0.0027151778441487917,0.0024841915085817524,0.0030297107114933544,0.002599684676365272,0.002743026688074633,0.0001633320042408849,0.0002738237914559863,-0.00031453286734456267,1.0,0.0,0.0,34.64909675886087,0.0022262334077911123
2023,878e62d19ffffff,349,15564.0,0.019609617763296828,0.021651987353206864,0.016761141516810008,0.020630802558251844,0.019340915544437898,0.0014441733867145536,0.0024564698065852324,0.0028484762464868196,0.994269340974212,0.0057306590257879654,0.0,311.1462411293477,0.01999140588083704
2023,878e62d1affffff,3,15564.0,0.00015084321356382177,0.00014114724480578138,0.00014659890539483973,0.00014599522918480156,0.00014619645458814764,6.8560852589837584e-06,4.8604966338932744e-06,4.244308168982041e-06,1.0,0.0,0.0,2.841266779923567,0.0001825537638090187
2023,878e62d1bffffff,194,15564.0,0.011373578302712161,0.0121386630532972,0.01026192337763878,0.011756120678004679,0.011258054911216045,0.0005409966153210916,0.0009436880803712148,0.0011116549250733809,0.9948453608247423,0.005154639175257732,0.0,227.8346077439964,0.014638563848881804
2023,878e62d1cffffff,7,15564.0,0.0003921923552659366,0.00031052393857271905,0.00043979671618451914,0.0003513581469193278,0.0003808376700077249,5.7748291252541775e-05,6.538011483511098e-05,-4.760436091858254e-05,1.0,0.0,0.0,6.9436871595057115,0.0004461376997883392
2023,878e62d1dffffff,30,15564.0,0.0021721422753190334,0.0029923215898825656,0.001612587959343237,0.0025822319326007995,0.0022590172748482786,0.000579954355116806,0.0006939572551445175,0.0005595543159757964,1.0,0.0,0.0,30.2006249761615,0.001940415380118318
2023,878e62d21ffffff,0,15564.0,0.0,0.0,0.0,0.0,0.0,0.0,0.0,0.0,0.0,0.0,0.0,0.031033367100132696,1.9939197571403687e-06
2023,878e62d22ffffff,5,15564.0,0.0007843847105318732,0.00019760614272809396,0.00039093041438623924,0.0004909954266299837,0.00045764042254873547,0.00041491510434898266,0.0002990233114662532,0.00039345429614563395,1.0,0.0,0.0,10.893263038483198,0.0006999012489387816
2023,878e62d23ffffff,10,15564.0,0.00018101185627658611,0.00014114724480578138,0.00019546520719311962,0.00016107955054118372,0.00017254143609182903,2.818853710037295e-05,2.8132210596713175e-05,-1.4453350916533508e-05,1.0,0.0,0.0,2.112299701435368,0.0001357170201384842
2023,878e62d26ffffff,0,15564.0,0.0,0.0,0.0,0.0,0.0,0.0,0.0,0.0,0.0,0.0,0.0,0.031033367100132696,1.9939197571403687e-06
2023,878e62d28ffffff,1,15564.0,0.00015084321356382177,0.00019760614272809396,0.0002443315089913995,0.00017422467814595785,0.0001975936217611051,3.306638432020298e-05,4.6744148971496677e-05,-9.348829542757774e-05,1.0,0.0,0.0,2.2849415618239783,0.0001468094038694409
2023,878e62d2affffff,40,15564.0,0.003409056626542372,0.0059564137308039744,0.008698201720093824,0.004682735178673173,0.006021224025813391,0.0018012534825271067,0.002645168092185118,-0.005289145093551452,0.95,0.05,0.0,64.46853846455939,0.004142157444394718
2023,878e62d2bffffff,8,15564.0,0.0004525296406914653,0.0016937669376693768,0.001563721657544957,0.001073148289180421,0.001236672745301933,0.0008776873097547418,0.0006821937042378556,-0.0011111920168534917,0.875,0.125,0.0,19.55471627551688,0.0012564068539910615
2023,878e62d2cffffff,0,15564.0,3.0168642712764353e-05,0.00016937669376693767,9.773260359655981e-05,9.9772668239851e-05,9.90926466920873e-05,9.843495689616906e-05,6.961399038621187e-05,-6.756396088379545e-05,0.0,0.0,0.0,0.3351684160139945,2.1534850681958012e-05
2023,878e62d2effffff,3,15564.0,6.033728542552871e-05,0.0004234417344173442,0.00043979671618451914,0.00024188950992143647,0.0003078585786757974,0.00025675361816111754,0.00021451565051614594,-0.00037945943075899045,1.0,0.0,0.0,8.203714735704914,0.0005270955240108528
2023,878e62d30ffffff,1,15564.0,0.00030168642712764354,0.00025406504065040653,0.00019546520719311962,0.00027787573388902504,0.00025040555832372323,3.367340530755957e-05,5.320508198724164e-05,0.00010622121993452392,1.0,0.0,0.0,3.801456467281913,0.0002442467532306549
2023,878e62d31ffffff,30,15564.0,0.0006637101396808157,0.0005928184281842818,0.00039093041438623924,0.0006282642839325488,0.000549152994083779,5.0128009929122125e-05,0.00014153514487340313,0.00027277972529457647,1.0,0.0,0.0,12.187839048440978,0.0007830788388872383
2023,878e62d32ffffff,22,15564.0,0.0018402872054786256,0.0014397018970189702,0.001954652071931196,0.001639994551248798,0.0017448803914762638,0.00028325658805552746,0.00027040759194056293,-0.00011436486645257054,0.9545454545454546,0.045454545454545456,0.0,22.44337224025822,0.0014420054125069532
2023,878e62d33ffffff,74,15564.0,0.00485715147675506,0.004911924119241192,0.0034695074276778733,0.004884537797998126,0.004412861007891376,3.8730106925466606e-05,0.0008174270570316676,0.0013876440490771871,0.972972972972973,0.02702702702702703,0.0,67.8596546068908,0.004360039489006091
2023,878e62d40ffffff,0,15564.0,6.033728542552871e-05,0.0,0.0,3.0168642712764353e-05,2.0112428475176234e-05,4.2664903682779585e-05,3.4835747982600284e-05,6.033728542552871e-05,0.0,0.0,0.0,0.1200840126066266,7.715498111451208e-06
2023,878e62d41ffffff,11,15564.0,0.0007240474251063445,0.00016937669376693767,0.0009284597341673183,0.0004467120594366412,0.0006072946176802,0.0003922114354557956,0.0003927787915446635,-0.00020441230906097381,1.0,0.0,0.0,9.569247673571741,0.0006148321558450103
2023,878e62d42ffffff,1,15564.0,0.0009653965668084593,8.468834688346883e-05,0.0005375293197810789,0.0005250424568459641,0.0005292047444910024,0.000622754754555694,0.0004404131197820763,0.0004278672470273804,1.0,0.0,0.0,9.779051739488526,0.000628312242321288
2023,878e62d43ffffff,19,15564.0,0.0012369143512233384,0.0006775067750677507,0.001026192337763878,0.0009572105631455445,0.0009802044880183223,0.00039556089054674587,0.00028252499147550167,0.00021072201345946032,1.0,0.0,0.0,16.390447232189974,0.0010530999249672305
2023,878e62d46ffffff,0,15564.0,0.00012067457085105741,2.8229448961156277e-05,0.0,7.445200990610684e-05,4.9634673270737894e-05,6.5368572575966e-05,6.312072348547148e-05,0.00012067457085105741,0.0,0.0,0.0,0.5575494294381633,3.582301654061702e-05
2023,878e62d48ffffff,56,15564.0,0.004525296406914653,0.002004290876242096,0.0034206411258795935,0.0032647936415783744,0.003316742803012114,0.0017826201061473545,0.001263710159625777,0.0011046552810350593,1.0,0.0,0.0,44.094557165095694,0.0028331121283150665
2023,878e62d49ffffff,3,15564.0,0.0004525296406914653,0.00019760614272809396,0.00029319781078967946,0.00032506789170977965,0.00031444453140307957,0.00018025813409369373,0.00012878301443159407,0.00015933182990178583,1.0,0.0,0.0,4.2137094161256545,0.0002707343495326172
2023,878e62d4affffff,70,15564.0,0.005430355688297583,0.0033593044263775973,0.00493549648162627,0.00439483005733759,0.00457505219876715,0.00146445439148858,0.0010815513825794222,0.0004948592066713131,0.9857142857142858,0.0,0.014285714285714285,64.35642995208966,0.004134954378828685
2023,878e62d4bffffff,17,15564.0,0.0014179262074999245,0.0011009485094850948,0.0011727912431587178,0.0012594373584925095,0.0012305553200479124,0.0002241370797511886,0.0001661963648635015,0.00024513496434120665,1.0,0.0,0.0,22.28806329168552,0.0014320266828376717
2023,878e62d4cffffff,11,15564.0,9.050592813829306e-05,8.468834688346883e-05,0.0,8.759713751088095e-05,5.839809167392063e-05,4.113651155389787e-06,5.065781179917712e-05,9.050592813829306e-05,1.0,0.0,0.0,2.6883926056348284,0.0001727314704211532
2023,878e62d4dffffff,28,15564.0,0.0008748906386701663,0.0006210478771454381,0.0010750586395621578,0.0007479692579078021,0.0008569990517925874,0.0001794939380292552,0.00022753356842079617,-0.00020016800089199158,1.0,0.0,0.0,12.3983899605478,0.0007966069108550373
2023,878e62d4effffff,22,15564.0,0.0009050592813829306,0.0006775067750677507,0.0009284597341673183,0.0007912830282253405,0.0008370085968726665,0.00016090392029145838,0.00013862726523647493,-2.34004527843877e-05,1.0,0.0,0.0,11.751184544177745,0.0007550234222679096
2023,878e62d50ffffff,125,15564.0,0.010438350378616465,0.007198509485094851,0.008356137607505865,0.008818429931855658,0.008664332490405727,0.002290913465774616,0.001641761346304017,0.0020822127711106007,0.992,0.008,0.0,155.3436855540914,0.009980961549350513
2023,878e62d51ffffff,0,15564.0,3.0168642712764353e-05,0.0,0.0,1.5084321356382177e-05,1.0056214237588117e-05,2.1332451841389796e-05,1.741787399130015e-05,3.0168642712764353e-05,0.0,0.0,0.0,0.10516335118797727,6.756833152658524e-06
2023,878e62d52ffffff,288,15564.0,0.016110055208616164,0.014764001806684733,0.01524628616106333,0.01543702850765045,0.015373447725454742,0.0009518034883449378,0.0006819768968276311,0.0008637690475528335,0.9826388888888888,0.003472222222222222,0.013888888888888888,237.62972023751607,0.015267908008064513
2023,878e62d53ffffff,27,15564.0,0.0013877575647871603,0.0009598012646793134,0.0019057857701329163,0.001173779414733237,0.0014177815331997967,0.00030261080185776327,0.0004737063965675435,-0.000518028205345756,1.0,0.0,0.0,14.77478204114068,0.000949292086940419
2023,878e62d54ffffff,256,15564.0,0.020152653332126586,0.012308039747064138,0.018422595777951526,0.01623034653959536,0.016961096285714083,0.00554697946178577,0.004121465291506691,0.0017300575541750601,0.99609375,0.00390625,0.0,238.1071741025916,0.01529858481769414
2023,878e62d55ffffff,2,15564.0,9.050592813829306e-05,0.00019760614272809396,9.773260359655981e-05,0.0001440560354331935,0.00012861489148764896,7.57312880029826e-05,5.985733681292908e-05,-7.226675458266754e-06,1.0,0.0,0.0,1.9255777423608522,0.00012371997830640274
2023,878e62d56ffffff,113,15564.0,0.006546595468669865,0.004714317976513099,0.007232212666145426,0.005630456722591482,0.006164375370442797,0.0012956158397195328,0.001301736367178932,-0.0006856171974755614,0.9646017699115044,0.008849557522123894,0.02654867256637168,85.60363557346506,0.00550010508696126
2023,878e62d58ffffff,20,15564.0,0.0012972516366488672,0.0007339656729900633,0.0015148553557466772,0.0010156086548194652,0.0011820242217952025,0.0003983033246503392,0.00040299527541811845,-0.00021760371909780997,1.0,0.0,0.0,18.611702818385982,0.0011958174517081716
2023,878e62d59ffffff,195,15564.0,0.011946782514254684,0.009513324299909665,0.01055512118842846,0.010730053407082173,0.010671742667530936,0.0017207148050974632,0.0012209136526723906,0.0013916613258262243,0.9948717948717949,0.005128205128205128,0.0,186.3225819772139,0.011971381519995753
2023,878e62d5affffff,49,15564.0,0.004314115907925302,0.004177958446251129,0.0034206411258795935,0.004246037177088215,0.003970905160018675,9.627786445896918e-05,0.0004813809240535489,0.0008934747820457086,0.9795918367346939,0.02040816326530612,0.0,71.8642774725896,0.004617339853031971
2023,878e62d5bffffff,86,15564.0,0.005007994690318883,0.006436314363143632,0.0032740422204847537,0.005722154526731258,0.004906117091315756,0.0010099745263565316,0.0015835957691099937,0.001733952469834129,1.0,0.0,0.0,51.63387148344723,0.003317519370563302
2023,878e62d5cffffff,17,15564.0,0.0021118049898935045,0.0006492773261065944,0.0010750586395621578,0.0013805411580000496,0.0012787136518540856,0.0010341632287366434,0.000752232221364665,0.0010367463503313467,1.0,0.0,0.0,16.936010003415124,0.001088152788705675
2023,878e62d5dffffff,27,15564.0,0.0011765770657978097,0.0007621951219512195,0.0012705238467552776,0.0009693860938745146,0.001069765344834769,0.00029301228249518745,0.00027047380818952656,-9.394678095746788e-05,1.0,0.0,0.0,18.619885066238066,0.0011963431679669794
2023,878e62d5effffff,17,15564.0,9.050592813829306e-05,2.8229448961156277e-05,0.00029319781078967946,5.9367688549724665e-05,0.0001373110626297096,4.403612073457572e-05,0.0001385463772662153,-0.0002026918826513864,1.0,0.0,0.0,4.159640954646127,0.000267260405721288
2023,878e62d69ffffff,0,15564.0,0.0,0.0,0.0,0.0,0.0,0.0,0.0,0.0,0.0,0.0,0.0,0.031033367100132696,1.9939197571403687e-06
2023,878e62d6bffffff,0,15564.0,0.0,0.0,0.0,0.0,0.0,0.0,0.0,0.0,0.0,0.0,0.0,0.031033367100132696,1.9939197571403687e-06
2023,878e62d70ffffff,2,15564.0,9.050592813829306e-05,0.0,0.0,4.525296406914653e-05,3.0168642712764353e-05,6.399735552416938e-05,5.225362197390042e-05,9.050592813829306e-05,1.0,0.0,0.0,1.708366031564304,0.00010976394445928451
2023,878e62d71ffffff,1,15564.0,6.033728542552871e-05,0.0,0.0,3.0168642712764353e-05,2.0112428475176234e-05,4.266490368277959e-05,3.483574798260029e-05,6.033728542552871e-05,1.0,0.0,0.0,0.9667079764864501,6.211179494258867e-05
2023,878e62d72ffffff,0,15564.0,0.0,2.8229448961156277e-05,0.0,1.4114724480578139e-05,9.409816320385426e-06,1.9961234789593144e-05,1.6298279956798377e-05,0.0,0.0,0.0,0.0,0.06274568102488144,4.031462414860026e-06
2023,878e62d73ffffff,12,15564.0,0.001448094850212689,0.0009598012646793134,0.0005863956215793589,0.0012039480574460013,0.0009980972454904536,0.000345275705540543,0.0004321242029400047,0.00086169922863333,1.0,0.0,0.0,15.768674501218015,0.001013150507659857
2023,878e62d74ffffff,0,15564.0,0.00012067457085105741,0.0,0.0,6.033728542552871e-05,4.022485695035247e-05,8.532980736555918e-05,6.967149596520057e-05,0.00012067457085105741,0.0,0.0,0.0,0.6154698548756338,3.954445225363877e-05
2023,878e62d75ffffff,0,15564.0,3.0168642712764353e-05,0.0,0.0,1.5084321356382177e-05,1.0056214237588117e-05,2.1332451841389796e-05,1.7417873991300142e-05,3.0168642712764353e-05,0.0,0.0,0.0,0.10516335118797727,6.756833152658524e-06
2023,878e62d76ffffff,1,15564.0,6.033728542552871e-05,0.0,0.0,3.0168642712764353e-05,2.0112428475176234e-05,4.266490368277959e-05,3.4835747982600284e-05,6.033728542552871e-05,1.0,0.0,0.0,0.9667079764864501,6.211179494258867e-05
2023,878e62da9ffffff,0,15564.0,0.0,2.8229448961156277e-05,0.0,1.4114724480578139e-05,9.409816320385426e-06,1.9961234789593144e-05,1.6298279956798377e-05,0.0,0.0,0.0,0.0,0.06274568102488144,4.031462414860026e-06
2023,878e66653ffffff,23,15564.0,0.0,0.0,0.0,0.0,0.0,0.0,0.0,0.0,1.0,0.0,0.0,0.5021572903624817,3.2264025338118845e-05
2023,878e66692ffffff,1,15564.0,0.00018101185627658611,0.00014114724480578138,0.00043979671618451914,0.00016107955054118375,0.0002539852724222956,2.818853710037384e-05,0.00016214720560861064,-0.000258784859907933,1.0,0.0,0.0,3.7329322337227087,0.00023984401398886588
2023,878e666b3ffffff,0,15564.0,0.0,0.0,0.0,0.0,0.0,0.0,0.0,0.0,0.0,0.0,0.0,0.031033367100132696,1.9939197571403687e-06
2023,878e666d2ffffff,0,15564.0,6.033728542552871e-05,5.6458897922312554e-05,0.0002443315089913995,5.8398091673920685e-05,0.00012037589744641361,2.7424341035921175e-06,0.00010736622233051166,-0.0001839942235658708,0.0,0.0,0.0,0.5644370368047875,3.626555106687147e-05
2023,878e666d6ffffff,1,15564.0,0.00015084321356382177,0.00019760614272809396,0.00043979671618451914,0.00017422467814595785,0.0002627486908254783,3.306638432020178e-05,0.0001551005975122513,-0.00028895350262069734,1.0,0.0,0.0,4.261574161250769,0.00027380969938645394
2023,878e666f2ffffff,0,15564.0,0.0,0.0,0.0,0.0,0.0,0.0,0.0,0.0,0.0,0.0,0.0,0.031033367100132696,1.9939197571403687e-06
2023,878e75a40ffffff,0,15564.0,0.0,0.0,0.0,0.0,0.0,0.0,0.0,0.0,0.0,0.0,0.0,0.031033367100132696,1.9939197571403687e-06
2023,878e75a41ffffff,21,15564.0,0.0011765770657978097,0.0011009485094850948,0.002052384675527756,0.0011387627876414523,0.0014433034169368869,5.3477465020064484e-05,0.0005288335317540523,-0.0008758076097299464,1.0,0.0,0.0,15.562142746140081,0.0009998806698882088
2023,878e75a45ffffff,9,15564.0,0.0004525296406914653,0.00022583559168925022,0.0006841282251759187,0.00033918261619035774,0.00045416448585221145,0.00016029689930410158,0.00022915069062968402,-0.00023159858448445342,1.0,0.0,0.0,6.5184115068715895,0.00041881338389049023
2023,878e75a48ffffff,2,15564.0,0.0009955652095212236,0.00045167118337850043,0.000977326035965598,0.000723618196449862,0.0008081874762884407,0.0003845911541323729,0.00030888681939455223,1.8239173555625572e-05,1.0,0.0,0.0,12.180990473931589,0.0007826388122546639
2023,878e75a4affffff,0,15564.0,3.0168642712764353e-05,0.0,0.0,1.5084321356382177e-05,1.0056214237588117e-05,2.1332451841389796e-05,1.7417873991300142e-05,3.0168642712764353e-05,0.0,0.0,0.0,0.10516335118797727,6.756833152658524e-06
2023,878e75a4cffffff,13,15564.0,0.0011464084230850453,0.0006210478771454381,0.0007329945269741986,0.0008837281501152417,0.0008334836090682273,0.0003714860046017631,0.00027672091992215917,0.0004134138961108467,1.0,0.0,0.0,11.596547717085686,0.0007450878769651558
2023,878e75a4dffffff,9,15564.0,0.001025733852233988,0.00028229448961156276,0.001954652071931196,0.0006540141709227751,0.0010875601379255822,0.0005256910147113228,0.0008378913043989095,-0.0009289182196972081,1.0,0.0,0.0,11.223238013571436,0.0007211024167033819
2023,878e75a4effffff,0,15564.0,9.050592813829306e-05,0.00025406504065040653,9.773260359655981e-05,0.00017228548439434977,0.00014743452412841978,0.00011565375758216893,9.241540185409595e-05,-7.226675458266754e-06,0.0,0.0,0.0,0.8371000665335737,5.3784378471702246e-05
2023,878e75a61ffffff,3,15564.0,0.000512866926116994,0.0003952122854561879,0.0011239249413604378,0.00045403960578659097,0.0006773347176445401,8.319439424932163e-05,0.00039120681813615887,-0.0006110580152434438,1.0,0.0,0.0,8.593927132853624,0.0005521669964567993
2023,878e75a63ffffff,0,15564.0,3.0168642712764353e-05,0.0,0.0,1.5084321356382177e-05,1.0056214237588117e-05,2.1332451841389796e-05,1.7417873991300142e-05,3.0168642712764353e-05,0.0,0.0,0.0,0.10516335118797727,6.756833152658524e-06
2023,878e75a6affffff,13,15564.0,0.0008447219959574018,0.0005081300813008131,0.001612587959343237,0.0006764260386291074,0.000988480012200484,0.00023800642534623737,0.00056608884154177,-0.0007678659633858351,1.0,0.0,0.0,11.306714792788174,0.0007264658694929436
2023,878e75a6cffffff,21,15564.0,0.0016894439919148037,0.0008751129177958446,0.0033717748240813137,0.0012822784548553242,0.001978777244597321,0.0005758190246404409,0.0012732303275154624,-0.00168233083216651,0.9047619047619048,0.047619047619047616,0.047619047619047616,33.94015272127266,0.002180683161222864
2023,878e75a6effffff,3,15564.0,0.0004223609979787009,0.00025406504065040653,0.000488663017982799,0.0003382130193145537,0.00038836301887063544,0.00011900321267311877,0.00012093779260300216,-6.630202000409811e-05,1.0,0.0,0.0,5.939236205648087,0.00038160088702442093
